<?xml version="1.0"?>
<Runs Version="1" Minor="0">
	<Run Id="design_1_ADC_Interface_0_synth_1" LaunchDir="/home/mklab/workspace/KRIA-Motor-Control/Vivado/output/temp/vv/k26_foc.runs/design_1_ADC_Interface_0_synth_1" FlowId="Vivado_Synthesis" FromStepId="vivado" ToStepId="vivado"/>
	<Run Id="design_1_AXI_StreamCapture_0_0_synth_1" LaunchDir="/home/mklab/workspace/KRIA-Motor-Control/Vivado/output/temp/vv/k26_foc.runs/design_1_AXI_StreamCapture_0_0_synth_1" FlowId="Vivado_Synthesis" FromStepId="vivado" ToStepId="vivado"/>
	<Run Id="design_1_Angle_Encoder_0_synth_1" LaunchDir="/home/mklab/workspace/KRIA-Motor-Control/Vivado/output/temp/vv/k26_foc.runs/design_1_Angle_Encoder_0_synth_1" FlowId="Vivado_Synthesis" FromStepId="vivado" ToStepId="vivado"/>
	<Run Id="design_1_Ib_Ia_0_synth_1" LaunchDir="/home/mklab/workspace/KRIA-Motor-Control/Vivado/output/temp/vv/k26_foc.runs/design_1_Ib_Ia_0_synth_1" FlowId="Vivado_Synthesis" FromStepId="vivado" ToStepId="vivado"/>
	<Run Id="design_1_PWM_0_synth_1" LaunchDir="/home/mklab/workspace/KRIA-Motor-Control/Vivado/output/temp/vv/k26_foc.runs/design_1_PWM_0_synth_1" FlowId="Vivado_Synthesis" FromStepId="vivado" ToStepId="vivado"/>
	<Run Id="design_1_axi_datamover_0_0_synth_1" LaunchDir="/home/mklab/workspace/KRIA-Motor-Control/Vivado/output/temp/vv/k26_foc.runs/design_1_axi_datamover_0_0_synth_1" FlowId="Vivado_Synthesis" FromStepId="vivado" ToStepId="vivado"/>
	<Run Id="design_1_axis_concat_0_0_synth_1" LaunchDir="/home/mklab/workspace/KRIA-Motor-Control/Vivado/output/temp/vv/k26_foc.runs/design_1_axis_concat_0_0_synth_1" FlowId="Vivado_Synthesis" FromStepId="vivado" ToStepId="vivado"/>
	<Run Id="design_1_axis_data_fifo_0_0_synth_1" LaunchDir="/home/mklab/workspace/KRIA-Motor-Control/Vivado/output/temp/vv/k26_foc.runs/design_1_axis_data_fifo_0_0_synth_1" FlowId="Vivado_Synthesis" FromStepId="vivado" ToStepId="vivado"/>
	<Run Id="design_1_clk_mux_0_0_synth_1" LaunchDir="/home/mklab/workspace/KRIA-Motor-Control/Vivado/output/temp/vv/k26_foc.runs/design_1_clk_mux_0_0_synth_1" FlowId="Vivado_Synthesis" FromStepId="vivado" ToStepId="vivado"/>
	<Run Id="design_1_clk_wiz_0_0_synth_1" LaunchDir="/home/mklab/workspace/KRIA-Motor-Control/Vivado/output/temp/vv/k26_foc.runs/design_1_clk_wiz_0_0_synth_1" FlowId="Vivado_Synthesis" FromStepId="vivado" ToStepId="vivado"/>
	<Run Id="design_1_dbg_fifo_0_synth_1" LaunchDir="/home/mklab/workspace/KRIA-Motor-Control/Vivado/output/temp/vv/k26_foc.runs/design_1_dbg_fifo_0_synth_1" FlowId="Vivado_Synthesis" FromStepId="vivado" ToStepId="vivado"/>
	<Run Id="design_1_proc_sys_reset_0_0_synth_1" LaunchDir="/home/mklab/workspace/KRIA-Motor-Control/Vivado/output/temp/vv/k26_foc.runs/design_1_proc_sys_reset_0_0_synth_1" FlowId="Vivado_Synthesis" FromStepId="vivado" ToStepId="vivado"/>
	<Run Id="design_1_proc_sys_reset_1_0_synth_1" LaunchDir="/home/mklab/workspace/KRIA-Motor-Control/Vivado/output/temp/vv/k26_foc.runs/design_1_proc_sys_reset_1_0_synth_1" FlowId="Vivado_Synthesis" FromStepId="vivado" ToStepId="vivado"/>
	<Run Id="design_1_proc_sys_reset_2_0_synth_1" LaunchDir="/home/mklab/workspace/KRIA-Motor-Control/Vivado/output/temp/vv/k26_foc.runs/design_1_proc_sys_reset_2_0_synth_1" FlowId="Vivado_Synthesis" FromStepId="vivado" ToStepId="vivado"/>
	<Run Id="design_1_proc_sys_reset_3_0_synth_1" LaunchDir="/home/mklab/workspace/KRIA-Motor-Control/Vivado/output/temp/vv/k26_foc.runs/design_1_proc_sys_reset_3_0_synth_1" FlowId="Vivado_Synthesis" FromStepId="vivado" ToStepId="vivado"/>
	<Run Id="design_1_auto_pc_0_synth_1" LaunchDir="/home/mklab/workspace/KRIA-Motor-Control/Vivado/output/temp/vv/k26_foc.runs/design_1_auto_pc_0_synth_1" FlowId="Vivado_Synthesis" FromStepId="vivado" ToStepId="vivado"/>
	<Run Id="design_1_psu_0_synth_1" LaunchDir="/home/mklab/workspace/KRIA-Motor-Control/Vivado/output/temp/vv/k26_foc.runs/design_1_psu_0_synth_1" FlowId="Vivado_Synthesis" FromStepId="vivado" ToStepId="vivado"/>
	<Run Id="design_1_rx_fifo_0_synth_1" LaunchDir="/home/mklab/workspace/KRIA-Motor-Control/Vivado/output/temp/vv/k26_foc.runs/design_1_rx_fifo_0_synth_1" FlowId="Vivado_Synthesis" FromStepId="vivado" ToStepId="vivado"/>
	<Run Id="design_1_tx_fifo_0_synth_1" LaunchDir="/home/mklab/workspace/KRIA-Motor-Control/Vivado/output/temp/vv/k26_foc.runs/design_1_tx_fifo_0_synth_1" FlowId="Vivado_Synthesis" FromStepId="vivado" ToStepId="vivado"/>
	<Run Id="design_1_vio_0_0_synth_1" LaunchDir="/home/mklab/workspace/KRIA-Motor-Control/Vivado/output/temp/vv/k26_foc.runs/design_1_vio_0_0_synth_1" FlowId="Vivado_Synthesis" FromStepId="vivado" ToStepId="vivado"/>
	<Run Id="synth_1" LaunchDir="/home/mklab/workspace/KRIA-Motor-Control/Vivado/output/temp/vv/k26_foc.runs/synth_1" FlowId="Vivado_Synthesis" FromStepId="vivado" ToStepId="vivado">
		<Parent Id="design_1_ADC_Interface_0_synth_1"/>
		<Parent Id="design_1_AXI_StreamCapture_0_0_synth_1"/>
		<Parent Id="design_1_Angle_Encoder_0_synth_1"/>
		<Parent Id="design_1_Ib_Ia_0_synth_1"/>
		<Parent Id="design_1_PWM_0_synth_1"/>
		<Parent Id="design_1_axi_datamover_0_0_synth_1"/>
		<Parent Id="design_1_axis_concat_0_0_synth_1"/>
		<Parent Id="design_1_axis_data_fifo_0_0_synth_1"/>
		<Parent Id="design_1_clk_mux_0_0_synth_1"/>
		<Parent Id="design_1_clk_wiz_0_0_synth_1"/>
		<Parent Id="design_1_dbg_fifo_0_synth_1"/>
		<Parent Id="design_1_proc_sys_reset_0_0_synth_1"/>
		<Parent Id="design_1_proc_sys_reset_1_0_synth_1"/>
		<Parent Id="design_1_proc_sys_reset_2_0_synth_1"/>
		<Parent Id="design_1_proc_sys_reset_3_0_synth_1"/>
		<Parent Id="design_1_auto_pc_0_synth_1"/>
		<Parent Id="design_1_psu_0_synth_1"/>
		<Parent Id="design_1_rx_fifo_0_synth_1"/>
		<Parent Id="design_1_tx_fifo_0_synth_1"/>
		<Parent Id="design_1_vio_0_0_synth_1"/>
	</Run>
	<Parameters>
		<Parameter Name="runs.monitorLSFJobs" Val="true" Type="bool"/>
		<Parameter Name="runs.enableClusterConf" Val="true" Type="bool"/>
	</Parameters>
</Runs>

